tipo;referencia;estado;carpeta_actual;carpeta_destino;accion
LOTE;LOTE-2025-001;REQUERIMIENTO VERIFICADOR;10. REQUERIMIENTO;10. REQUERIMIENTO;YA OK
EXP-LOTE;25RES060_57;REQUERIMIENTO VERIFICADOR;carpeta del lote LOTE-2025-001;carpeta del lote LOTE-2025-001;YA OK
EXP-LOTE;25RES060_63;REQUERIMIENTO VERIFICADOR;carpeta del lote LOTE-2025-001;carpeta del lote LOTE-2025-001;YA OK
EXP-LOTE;25RES060_66;REQUERIMIENTO VERIFICADOR;carpeta del lote LOTE-2025-001;carpeta del lote LOTE-2025-001;YA OK
EXP-LOTE;25RES060_61;REQUERIMIENTO VERIFICADOR;carpeta del lote LOTE-2025-001;carpeta del lote LOTE-2025-001;YA OK
EXP-LOTE;25RES060_73;REQUERIMIENTO VERIFICADOR;carpeta del lote LOTE-2025-001;carpeta del lote LOTE-2025-001;YA OK
LOTE;PAQUETE 1 - 2025 (PRE APP);PTE. PAGO BROKERGY A CLIENTE;09.PENDIENTE DE PAGO A CLIENTE;09.PENDIENTE DE PAGO A CLIENTE;YA OK
EXP-LOTE;25RES060_36;PTE. PAGO BROKERGY A CLIENTE;carpeta del lote PAQUETE 1 - 2025 (PRE APP);carpeta del lote PAQUETE 1 - 2025 (PRE APP);YA OK
EXP-LOTE;25RES060_47;PTE. PAGO BROKERGY A CLIENTE;carpeta del lote PAQUETE 1 - 2025 (PRE APP);carpeta del lote PAQUETE 1 - 2025 (PRE APP);YA OK
EXP-LOTE;25RES060_39;PTE. PAGO BROKERGY A CLIENTE;carpeta del lote PAQUETE 1 - 2025 (PRE APP);carpeta del lote PAQUETE 1 - 2025 (PRE APP);YA OK
EXP-LOTE;25RES060_54;PTE. PAGO BROKERGY A CLIENTE;carpeta del lote PAQUETE 1 - 2025 (PRE APP);carpeta del lote PAQUETE 1 - 2025 (PRE APP);YA OK
EXP-LOTE;25RES060_41;PTE. PAGO BROKERGY A CLIENTE;carpeta del lote PAQUETE 1 - 2025 (PRE APP);carpeta del lote PAQUETE 1 - 2025 (PRE APP);YA OK
LOTE;LOTE-2025-002;REQUERIMIENTO VERIFICADOR;10. REQUERIMIENTO;10. REQUERIMIENTO;YA OK
EXP-LOTE;26RES060_89;REQUERIMIENTO VERIFICADOR;carpeta del lote LOTE-2025-002;carpeta del lote LOTE-2025-002;YA OK
EXP-LOTE;25RES060_70;REQUERIMIENTO VERIFICADOR;carpeta del lote LOTE-2025-002;carpeta del lote LOTE-2025-002;YA OK
EXP-LOTE;25RES060_69;REQUERIMIENTO VERIFICADOR;carpeta del lote LOTE-2025-002;carpeta del lote LOTE-2025-002;YA OK
EXP-LOTE;25RES060_83;REQUERIMIENTO VERIFICADOR;carpeta del lote LOTE-2025-002;carpeta del lote LOTE-2025-002;YA OK
EXP-LOTE;25RES060_65;REQUERIMIENTO VERIFICADOR;carpeta del lote LOTE-2025-002;carpeta del lote LOTE-2025-002;YA OK
EXPEDIENTE;24RES060_1;FINALIZADO;;;SIN CARPETA
EXPEDIENTE;24RES060_10;FINALIZADO;;;SIN CARPETA
EXPEDIENTE;24RES060_11;FINALIZADO;;;SIN CARPETA
EXPEDIENTE;24RES060_12;FINALIZADO;;;SIN CARPETA
EXPEDIENTE;24RES060_13;FINALIZADO;;;SIN CARPETA
EXPEDIENTE;24RES060_14;PENDIENTE REVISAR EXPTE;04. EN CURSO;04. EN CURSO;YA OK
EXPEDIENTE;24RES060_15;FINALIZADO;;;SIN CARPETA
EXPEDIENTE;24RES060_17;PENDIENTE REVISAR EXPTE;04. EN CURSO;04. EN CURSO;YA OK
EXPEDIENTE;24RES060_19;FINALIZADO;;;SIN CARPETA
EXPEDIENTE;24RES060_2;FINALIZADO;;;SIN CARPETA
EXPEDIENTE;24RES060_20;PENDIENTE REVISAR EXPTE;04. EN CURSO;04. EN CURSO;YA OK
EXPEDIENTE;24RES060_21;PENDIENTE REVISAR EXPTE;04. EN CURSO;04. EN CURSO;YA OK
EXPEDIENTE;24RES060_3;FINALIZADO;;;SIN CARPETA
EXPEDIENTE;24RES060_4;FINALIZADO;;;SIN CARPETA
EXPEDIENTE;24RES060_5;FINALIZADO;;;SIN CARPETA
EXPEDIENTE;24RES060_6;FINALIZADO;;;SIN CARPETA
EXPEDIENTE;24RES060_7;FINALIZADO;;;SIN CARPETA
EXPEDIENTE;24RES060_8;PENDIENTE REVISAR EXPTE;04. EN CURSO;04. EN CURSO;YA OK
EXPEDIENTE;24RES060_9;FINALIZADO;;;SIN CARPETA
EXPEDIENTE;24RES080_10;PENDIENTE REVISAR EXPTE;04. EN CURSO;04. EN CURSO;YA OK
EXPEDIENTE;25RES060_22;PTE. PAGO BROKERGY A CLIENTE;09.PENDIENTE DE PAGO A CLIENTE;09.PENDIENTE DE PAGO A CLIENTE;YA OK
EXPEDIENTE;25RES060_23;FINALIZADO;;;SIN CARPETA
EXPEDIENTE;25RES060_24;FINALIZADO;;;SIN CARPETA
EXPEDIENTE;25RES060_25;FINALIZADO;;;SIN CARPETA
EXPEDIENTE;25RES060_26;ENVIADO A VERIFICADOR;;;SIN CARPETA
EXPEDIENTE;25RES060_27;FINALIZADO;;;SIN CARPETA
EXPEDIENTE;25RES060_28;ENVIADO A VERIFICADOR;;;SIN CARPETA
EXPEDIENTE;25RES060_29;ENVIADO A VERIFICADOR;;;SIN CARPETA
EXPEDIENTE;25RES060_30;FINALIZADO;;;SIN CARPETA
EXPEDIENTE;25RES060_31;FINALIZADO;;;SIN CARPETA
EXPEDIENTE;25RES060_32;ENVIADO A VERIFICADOR;07. ENVIADOS A VERIFICAR;07. ENVIADOS A VERIFICAR;YA OK
EXPEDIENTE;25RES060_33;FINALIZADO;;;SIN CARPETA
EXPEDIENTE;25RES060_34;FINALIZADO;;;SIN CARPETA
EXPEDIENTE;25RES060_35;FINALIZADO;;;SIN CARPETA
EXPEDIENTE;25RES060_37;FINALIZADO;;;SIN CARPETA
EXPEDIENTE;25RES060_38;FINALIZADO;;;SIN CARPETA
EXPEDIENTE;25RES060_40;FINALIZADO;;;SIN CARPETA
EXPEDIENTE;25RES060_42;FINALIZADO;;;SIN CARPETA
EXPEDIENTE;25RES060_43;FINALIZADO;;;SIN CARPETA
EXPEDIENTE;25RES060_44;FINALIZADO;;;SIN CARPETA
EXPEDIENTE;25RES060_45;PENDIENTE REVISAR EXPTE;;;SIN CARPETA
EXPEDIENTE;25RES060_46;FINALIZADO;;;SIN CARPETA
EXPEDIENTE;25RES060_48;FINALIZADO;;;SIN CARPETA
EXPEDIENTE;25RES060_49;ENVIADO A VERIFICADOR;;;SIN CARPETA
EXPEDIENTE;25RES060_50;ENVIADO A VERIFICADOR;;;SIN CARPETA
EXPEDIENTE;25RES060_51;ENVIADO A VERIFICADOR;;;SIN CARPETA
EXPEDIENTE;25RES060_52;FINALIZADO;;;SIN CARPETA
EXPEDIENTE;25RES060_53;ENVIADO A VERIFICADOR;;;SIN CARPETA
EXPEDIENTE;25RES060_55;FINALIZADO;11. FINALIZADOS;11. FINALIZADOS;YA OK
EXPEDIENTE;25RES060_56;FINALIZADO;11. FINALIZADOS;11. FINALIZADOS;YA OK
EXPEDIENTE;25RES060_58;FINALIZADO;;;SIN CARPETA
EXPEDIENTE;25RES060_59;DOC. COMPLETA APPSHEET;13. DOC. COMPLETA APPSHEET;13. DOC. COMPLETA APPSHEET;YA OK
EXPEDIENTE;25RES060_60;FINALIZADO;11. FINALIZADOS;11. FINALIZADOS;YA OK
EXPEDIENTE;25RES060_62;FINALIZADO;11. FINALIZADOS;11. FINALIZADOS;YA OK
EXPEDIENTE;25RES060_64;ENVIADO A VERIFICADOR;;;SIN CARPETA
EXPEDIENTE;25RES060_67;DOC. COMPLETA APPSHEET;13. DOC. COMPLETA APPSHEET;13. DOC. COMPLETA APPSHEET;YA OK
EXPEDIENTE;25RES060_68;DOC. COMPLETA APPSHEET;13. DOC. COMPLETA APPSHEET;13. DOC. COMPLETA APPSHEET;YA OK
EXPEDIENTE;25RES060_71;DOC. COMPLETA APPSHEET;13. DOC. COMPLETA APPSHEET;13. DOC. COMPLETA APPSHEET;YA OK
EXPEDIENTE;25RES060_72;DOC. COMPLETA;05. DOC. COMPLETA;05. DOC. COMPLETA;YA OK
EXPEDIENTE;25RES060_74;DOC. COMPLETA APPSHEET;13. DOC. COMPLETA APPSHEET;13. DOC. COMPLETA APPSHEET;YA OK
EXPEDIENTE;25RES060_75;DOC. COMPLETA;05. DOC. COMPLETA;05. DOC. COMPLETA;YA OK
EXPEDIENTE;25RES060_76;DOC. COMPLETA;05. DOC. COMPLETA;05. DOC. COMPLETA;YA OK
EXPEDIENTE;25RES060_77;DOC. COMPLETA APPSHEET;13. DOC. COMPLETA APPSHEET;13. DOC. COMPLETA APPSHEET;YA OK
EXPEDIENTE;25RES060_78;DOC. COMPLETA APPSHEET;13. DOC. COMPLETA APPSHEET;13. DOC. COMPLETA APPSHEET;YA OK
EXPEDIENTE;25RES060_79;DOC. COMPLETA APPSHEET;13. DOC. COMPLETA APPSHEET;13. DOC. COMPLETA APPSHEET;YA OK
EXPEDIENTE;25RES060_80;DOC. COMPLETA APPSHEET;13. DOC. COMPLETA APPSHEET;13. DOC. COMPLETA APPSHEET;YA OK
EXPEDIENTE;25RES060_81;DOC. COMPLETA APPSHEET;13. DOC. COMPLETA APPSHEET;13. DOC. COMPLETA APPSHEET;YA OK
EXPEDIENTE;25RES060_82;DOC. COMPLETA APPSHEET;13. DOC. COMPLETA APPSHEET;13. DOC. COMPLETA APPSHEET;YA OK
EXPEDIENTE;25RES060_84;DOC. COMPLETA APPSHEET;13. DOC. COMPLETA APPSHEET;13. DOC. COMPLETA APPSHEET;YA OK
EXPEDIENTE;25RES060_85;DOC. COMPLETA APPSHEET;13. DOC. COMPLETA APPSHEET;13. DOC. COMPLETA APPSHEET;YA OK
EXPEDIENTE;25RES060_86;DOC. COMPLETA APPSHEET;13. DOC. COMPLETA APPSHEET;13. DOC. COMPLETA APPSHEET;YA OK
EXPEDIENTE;25RES060_87;DOC. COMPLETA APPSHEET;13. DOC. COMPLETA APPSHEET;13. DOC. COMPLETA APPSHEET;YA OK
EXPEDIENTE;25RES060_88;PENDIENTE REVISAR EXPTE;04. EN CURSO;04. EN CURSO;YA OK
EXPEDIENTE;25RES060_90;DOC. COMPLETA APPSHEET;13. DOC. COMPLETA APPSHEET;13. DOC. COMPLETA APPSHEET;YA OK
EXPEDIENTE;25RES060_91;PENDIENTE REVISAR EXPTE;04. EN CURSO;04. EN CURSO;YA OK
EXPEDIENTE;25RES060_92;DOC. COMPLETA APPSHEET;13. DOC. COMPLETA APPSHEET;13. DOC. COMPLETA APPSHEET;YA OK
EXPEDIENTE;25RES060_93;DOC. COMPLETA APPSHEET;13. DOC. COMPLETA APPSHEET;13. DOC. COMPLETA APPSHEET;YA OK
EXPEDIENTE;25RES060_94;DOC. COMPLETA APPSHEET;13. DOC. COMPLETA APPSHEET;13. DOC. COMPLETA APPSHEET;YA OK
EXPEDIENTE;25RES080_1;FINALIZADO;;;SIN CARPETA
EXPEDIENTE;25RES080_11;PTE. FIN OBRA;04. EN CURSO;04. EN CURSO;YA OK
EXPEDIENTE;25RES080_12;FINALIZADO;;;SIN CARPETA
EXPEDIENTE;25RES080_14;FINALIZADO;;;SIN CARPETA
EXPEDIENTE;25RES080_15;PENDIENTE REVISAR EXPTE;04. EN CURSO;04. EN CURSO;YA OK
EXPEDIENTE;25RES080_16;FINALIZADO;;;SIN CARPETA
EXPEDIENTE;25RES080_17;FINALIZADO;;;SIN CARPETA
EXPEDIENTE;25RES080_18;FINALIZADO;;;SIN CARPETA
EXPEDIENTE;25RES080_19;FINALIZADO;;;SIN CARPETA
EXPEDIENTE;25RES080_2;FINALIZADO;;;SIN CARPETA
EXPEDIENTE;25RES080_20;FINALIZADO;;;SIN CARPETA
EXPEDIENTE;25RES080_21;FINALIZADO;;;SIN CARPETA
EXPEDIENTE;25RES080_22;DOC. COMPLETA;05. DOC. COMPLETA;05. DOC. COMPLETA;YA OK
EXPEDIENTE;25RES080_23;PTE. FIN OBRA;04. EN CURSO;04. EN CURSO;YA OK
EXPEDIENTE;25RES080_24;DOC. COMPLETA;05. DOC. COMPLETA;05. DOC. COMPLETA;YA OK
EXPEDIENTE;25RES080_25;DOC. COMPLETA;05. DOC. COMPLETA;05. DOC. COMPLETA;YA OK
EXPEDIENTE;25RES080_26;DOC. COMPLETA;05. DOC. COMPLETA;05. DOC. COMPLETA;YA OK
EXPEDIENTE;25RES080_27;DOC. COMPLETA;05. DOC. COMPLETA;05. DOC. COMPLETA;YA OK
EXPEDIENTE;25RES080_28;DOC. COMPLETA;05. DOC. COMPLETA;05. DOC. COMPLETA;YA OK
EXPEDIENTE;25RES080_29;PTE. FIN OBRA;04. EN CURSO;04. EN CURSO;YA OK
EXPEDIENTE;25RES080_3;FINALIZADO;;;SIN CARPETA
EXPEDIENTE;25RES080_31;DOC. COMPLETA;05. DOC. COMPLETA;05. DOC. COMPLETA;YA OK
EXPEDIENTE;25RES080_32;PTE. FIN OBRA;04. EN CURSO;04. EN CURSO;YA OK
EXPEDIENTE;25RES080_4;FINALIZADO;;;SIN CARPETA
EXPEDIENTE;25RES080_5;FINALIZADO;;;SIN CARPETA
EXPEDIENTE;25RES080_6;FINALIZADO;;;SIN CARPETA
EXPEDIENTE;25RES080_7;DOC. COMPLETA;05. DOC. COMPLETA;05. DOC. COMPLETA;YA OK
EXPEDIENTE;25RES080_8;PTE. PAGO BROKERGY A CLIENTE;;;SIN CARPETA
EXPEDIENTE;25RES080_9;FINALIZADO;;;SIN CARPETA
EXPEDIENTE;26RES060_100;DOC. COMPLETA APPSHEET;13. DOC. COMPLETA APPSHEET;13. DOC. COMPLETA APPSHEET;YA OK
EXPEDIENTE;26RES060_101;DOC. COMPLETA APPSHEET;13. DOC. COMPLETA APPSHEET;13. DOC. COMPLETA APPSHEET;YA OK
EXPEDIENTE;26RES060_102;DOC. COMPLETA APPSHEET;13. DOC. COMPLETA APPSHEET;13. DOC. COMPLETA APPSHEET;YA OK
EXPEDIENTE;26RES060_103;DOC. COMPLETA APPSHEET;;;SIN CARPETA
EXPEDIENTE;26RES060_104;PENDIENTE REVISAR EXPTE;;;SIN CARPETA
EXPEDIENTE;26RES060_105;DOC. COMPLETA APPSHEET;13. DOC. COMPLETA APPSHEET;13. DOC. COMPLETA APPSHEET;YA OK
EXPEDIENTE;26RES060_106;DOC. COMPLETA APPSHEET;;;SIN CARPETA
EXPEDIENTE;26RES060_107;DOC. COMPLETA APPSHEET;13. DOC. COMPLETA APPSHEET;13. DOC. COMPLETA APPSHEET;YA OK
EXPEDIENTE;26RES060_108;DOC. COMPLETA APPSHEET;13. DOC. COMPLETA APPSHEET;13. DOC. COMPLETA APPSHEET;YA OK
EXPEDIENTE;26RES060_109;PENDIENTE REVISAR EXPTE;;;SIN CARPETA
EXPEDIENTE;26RES060_110;PENDIENTE REVISAR EXPTE;;;SIN CARPETA
EXPEDIENTE;26RES060_111;PENDIENTE REVISAR EXPTE;;;SIN CARPETA
EXPEDIENTE;26RES060_112;DOC. COMPLETA APPSHEET;;;SIN CARPETA
EXPEDIENTE;26RES060_113;PTE. CEE FINAL;04. EN CURSO;04. EN CURSO;YA OK
EXPEDIENTE;26RES060_114;PTE. CEE INICIAL;04. EN CURSO;04. EN CURSO;YA OK
EXPEDIENTE;26RES060_115;PTE. FIN OBRA;04. EN CURSO;04. EN CURSO;YA OK
EXPEDIENTE;26RES060_116;PTE. FIN OBRA;04. EN CURSO;04. EN CURSO;YA OK
EXPEDIENTE;26RES060_117;PTE FIN EXPTE;04. EN CURSO;04. EN CURSO;YA OK
EXPEDIENTE;26RES060_118;PTE FIN EXPTE;04. EN CURSO;04. EN CURSO;YA OK
EXPEDIENTE;26RES060_119;PTE. CEE FINAL;04. EN CURSO;04. EN CURSO;YA OK
EXPEDIENTE;26RES060_121;PTE. FIN OBRA;04. EN CURSO;04. EN CURSO;YA OK
EXPEDIENTE;26RES060_122;PTE. FIN OBRA;04. EN CURSO;04. EN CURSO;YA OK
EXPEDIENTE;26RES060_123;PTE FIN EXPTE;04. EN CURSO;04. EN CURSO;YA OK
EXPEDIENTE;26RES060_124;PTE FIN EXPTE;04. EN CURSO;04. EN CURSO;YA OK
EXPEDIENTE;26RES060_125;PTE. FIN OBRA;04. EN CURSO;04. EN CURSO;YA OK
EXPEDIENTE;26RES060_126;PTE. FIN OBRA;04. EN CURSO;04. EN CURSO;YA OK
EXPEDIENTE;26RES060_127;PTE. FIN OBRA;04. EN CURSO;04. EN CURSO;YA OK
EXPEDIENTE;26RES060_128;PTE. CEE INICIAL;04. EN CURSO;04. EN CURSO;YA OK
EXPEDIENTE;26RES060_129;PTE. FIN OBRA;04. EN CURSO;04. EN CURSO;YA OK
EXPEDIENTE;26RES060_130;PTE. FIN OBRA;04. EN CURSO;04. EN CURSO;YA OK
EXPEDIENTE;26RES060_131;DOC. COMPLETA;05. DOC. COMPLETA;05. DOC. COMPLETA;YA OK
EXPEDIENTE;26RES060_132;PTE. FIN OBRA;04. EN CURSO;04. EN CURSO;YA OK
EXPEDIENTE;26RES060_133;PTE. FIN OBRA;04. EN CURSO;04. EN CURSO;YA OK
EXPEDIENTE;26RES060_134;PTE FIN EXPTE;04. EN CURSO;04. EN CURSO;YA OK
EXPEDIENTE;26RES060_135;PTE. FIN OBRA;04. EN CURSO;04. EN CURSO;YA OK
EXPEDIENTE;26RES060_136;PTE. CEE INICIAL;03. ACEPTADO;03. ACEPTADO;YA OK
EXPEDIENTE;26RES060_138;PTE. FIN OBRA;04. EN CURSO;04. EN CURSO;YA OK
EXPEDIENTE;26RES060_139;PTE. FIN OBRA;04. EN CURSO;04. EN CURSO;YA OK
EXPEDIENTE;26RES060_140;EN TRABAJO (CEE INICIAL);04. EN CURSO;04. EN CURSO;YA OK
EXPEDIENTE;26RES060_141;REVISADO Y LISTO (FINAL);04. EN CURSO;04. EN CURSO;YA OK
EXPEDIENTE;26RES060_142;PTE. FIN OBRA;04. EN CURSO;04. EN CURSO;YA OK
EXPEDIENTE;26RES060_143;PTE. FIN OBRA;04. EN CURSO;04. EN CURSO;YA OK
EXPEDIENTE;26RES060_144;PTE FIN EXPTE;04. EN CURSO;04. EN CURSO;YA OK
EXPEDIENTE;26RES060_145;PTE. CEE INICIAL;03. ACEPTADO;03. ACEPTADO;YA OK
EXPEDIENTE;26RES060_146;REVISADO Y LISTO (FINAL);04. EN CURSO;04. EN CURSO;YA OK
EXPEDIENTE;26RES060_147;PTE. FIN OBRA;04. EN CURSO;04. EN CURSO;YA OK
EXPEDIENTE;26RES060_148;PTE. CEE INICIAL;03. ACEPTADO;03. ACEPTADO;YA OK
EXPEDIENTE;26RES060_149;PTE FIN EXPTE;04. EN CURSO;04. EN CURSO;YA OK
EXPEDIENTE;26RES060_150;PENDIENTE REVISIÓN (INICIAL);04. EN CURSO;04. EN CURSO;YA OK
EXPEDIENTE;26RES060_151;PTE. FIN OBRA;04. EN CURSO;04. EN CURSO;YA OK
EXPEDIENTE;26RES060_152;REVISADO Y LISTO (FINAL);04. EN CURSO;04. EN CURSO;YA OK
EXPEDIENTE;26RES060_153;PTE. FIN OBRA;04. EN CURSO;04. EN CURSO;YA OK
EXPEDIENTE;26RES060_154;PTE. FIN OBRA;04. EN CURSO;04. EN CURSO;YA OK
EXPEDIENTE;26RES060_155;PTE. FIN OBRA;04. EN CURSO;04. EN CURSO;YA OK
EXPEDIENTE;26RES060_156;PTE. CEE INICIAL;03. ACEPTADO;03. ACEPTADO;YA OK
EXPEDIENTE;26RES060_157;PTE. CEE INICIAL;03. ACEPTADO;03. ACEPTADO;YA OK
EXPEDIENTE;26RES060_158;EN CERTIFICADOR CEE INICIAL;04. EN CURSO;04. EN CURSO;YA OK
EXPEDIENTE;26RES060_159;PTE. FIN OBRA;04. EN CURSO;04. EN CURSO;YA OK
EXPEDIENTE;26RES060_160;PTE. FIN OBRA;04. EN CURSO;04. EN CURSO;YA OK
EXPEDIENTE;26RES060_161;PTE. CEE INICIAL;03. ACEPTADO;03. ACEPTADO;YA OK
EXPEDIENTE;26RES060_162;PTE. CEE INICIAL;03. ACEPTADO;03. ACEPTADO;YA OK
EXPEDIENTE;26RES060_163;PENDIENTE REVISIÓN (INICIAL);04. EN CURSO;04. EN CURSO;YA OK
EXPEDIENTE;26RES060_164;EN TRABAJO (CEE INICIAL);04. EN CURSO;04. EN CURSO;YA OK
EXPEDIENTE;26RES060_165;PTE. FIN OBRA;04. EN CURSO;04. EN CURSO;YA OK
EXPEDIENTE;26RES060_166;PTE. CEE INICIAL;03. ACEPTADO;03. ACEPTADO;YA OK
EXPEDIENTE;26RES060_167;PTE. CEE INICIAL;03. ACEPTADO;03. ACEPTADO;YA OK
EXPEDIENTE;26RES060_168;PTE. FIN OBRA;04. EN CURSO;04. EN CURSO;YA OK
EXPEDIENTE;26RES060_96;PENDIENTE REVISAR EXPTE;;;SIN CARPETA
EXPEDIENTE;26RES060_97;PTE FIN EXPTE;04. EN CURSO;04. EN CURSO;YA OK
EXPEDIENTE;26RES060_98;PENDIENTE REVISAR EXPTE;04. EN CURSO;04. EN CURSO;YA OK
EXPEDIENTE;26RES060_99;DOC. COMPLETA APPSHEET;13. DOC. COMPLETA APPSHEET;13. DOC. COMPLETA APPSHEET;YA OK
EXPEDIENTE;26RES080_33;DOC. COMPLETA;05. DOC. COMPLETA;05. DOC. COMPLETA;YA OK
EXPEDIENTE;26RES080_34;DOC. COMPLETA;05. DOC. COMPLETA;05. DOC. COMPLETA;YA OK
EXPEDIENTE;26RES080_35;PTE. FIN OBRA;04. EN CURSO;04. EN CURSO;YA OK
EXPEDIENTE;26RES080_37;PTE. FIN OBRA;04. EN CURSO;04. EN CURSO;YA OK
EXPEDIENTE;26RES080_40;PTE. FIN OBRA;04. EN CURSO;04. EN CURSO;YA OK
EXPEDIENTE;26RES080_41;PTE. FIN OBRA;04. EN CURSO;04. EN CURSO;YA OK
EXPEDIENTE;26RES080_42;PTE. FIN OBRA;04. EN CURSO;04. EN CURSO;YA OK
EXPEDIENTE;26RES080_43;PTE. CEE FINAL;04. EN CURSO;04. EN CURSO;YA OK
EXPEDIENTE;26RES080_44;PTE. FIN OBRA;04. EN CURSO;04. EN CURSO;YA OK
EXPEDIENTE;26RES080_45;PTE. FIN OBRA;04. EN CURSO;04. EN CURSO;YA OK
EXPEDIENTE;26RES080_46;PTE. FIN OBRA;04. EN CURSO;04. EN CURSO;YA OK
EXPEDIENTE;26RES080_47;PTE. FIN OBRA;04. EN CURSO;04. EN CURSO;YA OK
EXPEDIENTE;26RES080_48;PTE. FIN OBRA;03. ACEPTADO;04. EN CURSO;MOVIDO
EXPEDIENTE;26RES080_49;PTE FIN EXPTE;03. ACEPTADO;04. EN CURSO;MOVIDO
EXPEDIENTE;26RES080_50;PTE. FIN OBRA;03. ACEPTADO;04. EN CURSO;MOVIDO
EXPEDIENTE;26RES080_51;DOC. COMPLETA;03. ACEPTADO;05. DOC. COMPLETA;MOVIDO
EXPEDIENTE;26RES080_52;PTE. CEE INICIAL;03. ACEPTADO;03. ACEPTADO;YA OK
EXPEDIENTE;26RES080_53;DOC. COMPLETA;03. ACEPTADO;05. DOC. COMPLETA;MOVIDO
EXPEDIENTE;26RES080_54;PENDIENTE REVISAR EXPTE;03. ACEPTADO;04. EN CURSO;MOVIDO
EXPEDIENTE;26RES080_55;PTE. CEE INICIAL;02. SIMULACION ENVIADA;03. ACEPTADO;MOVIDO
EXPEDIENTE;26RES080_56;PTE FIN EXPTE;03. ACEPTADO;04. EN CURSO;MOVIDO
EXPEDIENTE;26RES080_57;EN CERTIFICADOR CEE INICIAL;03. ACEPTADO;04. EN CURSO;MOVIDO
EXPEDIENTE;26RES080_58;PTE. CEE INICIAL;03. ACEPTADO;03. ACEPTADO;YA OK
EXPEDIENTE;26RES080_59;PENDIENTE REVISIÓN (INICIAL);03. ACEPTADO;04. EN CURSO;MOVIDO
EXPEDIENTE;26RES080_60;EN CERTIFICADOR CEE INICIAL;03. ACEPTADO;04. EN CURSO;MOVIDO
EXPEDIENTE;26RES080_61;PTE FIN EXPTE;03. ACEPTADO;04. EN CURSO;MOVIDO
EXPEDIENTE;26RES080_62;PTE. CEE INICIAL;03. ACEPTADO;03. ACEPTADO;YA OK
EXPEDIENTE;26RES080_63;PTE. FIN OBRA;01. OPORTUNIDADES;04. EN CURSO;MOVIDO
EXPEDIENTE;26RES080_64;PENDIENTE REVISIÓN (INICIAL);03. ACEPTADO;04. EN CURSO;MOVIDO
EXPEDIENTE;26RES080_65;DOC. COMPLETA;03. ACEPTADO;05. DOC. COMPLETA;MOVIDO
EXPEDIENTE;26RES080_66;PTE. CEE INICIAL;03. ACEPTADO;03. ACEPTADO;YA OK
EXPEDIENTE;26RES093_1;PTE. CEE INICIAL;04. EN CURSO;04. EN CURSO;YA OK
EXPEDIENTE;26RES093_3;DOC. COMPLETA;03. ACEPTADO;05. DOC. COMPLETA;MOVIDO
EXPEDIENTE;26RES093_4;DOC. COMPLETA;03. ACEPTADO;05. DOC. COMPLETA;MOVIDO
EXPEDIENTE;26RES093_5;PTE. FIN OBRA;03. ACEPTADO;04. EN CURSO;MOVIDO
OPORTUNIDAD;26RES060_OP1;ENVIADA;01. OPORTUNIDADES;02. SIMULACION ENVIADA;MOVIDO
OPORTUNIDAD;26RES060_OP2;ENVIADA;01. OPORTUNIDADES;02. SIMULACION ENVIADA;MOVIDO
OPORTUNIDAD;26RES060_OP8;PTE ENVIAR;01. OPORTUNIDADES;01. OPORTUNIDADES;YA OK
OPORTUNIDAD;26RES060_OP11;ENVIADA;01. OPORTUNIDADES;02. SIMULACION ENVIADA;MOVIDO
OPORTUNIDAD;26RES060_OP13;ENVIADA;01. OPORTUNIDADES;02. SIMULACION ENVIADA;MOVIDO
OPORTUNIDAD;26RES060_OP14;ENVIADA;01. OPORTUNIDADES;02. SIMULACION ENVIADA;MOVIDO
OPORTUNIDAD;26RES060_OP15;ENVIADA;01. OPORTUNIDADES;02. SIMULACION ENVIADA;MOVIDO
OPORTUNIDAD;26RES060_OP17;ENVIADA;01. OPORTUNIDADES;02. SIMULACION ENVIADA;MOVIDO
OPORTUNIDAD;26RES060_OP18;ENVIADA;01. OPORTUNIDADES;02. SIMULACION ENVIADA;MOVIDO
OPORTUNIDAD;26RES060_OP19;PTE ENVIAR;01. OPORTUNIDADES;01. OPORTUNIDADES;YA OK
OPORTUNIDAD;26RES060_OP20;PTE ENVIAR;01. OPORTUNIDADES;01. OPORTUNIDADES;YA OK
OPORTUNIDAD;26RES060_OP21;ENVIADA;01. OPORTUNIDADES;02. SIMULACION ENVIADA;MOVIDO
OPORTUNIDAD;26RES060_OP23;ENVIADA;01. OPORTUNIDADES;02. SIMULACION ENVIADA;MOVIDO
OPORTUNIDAD;26RES060_OP24;ENVIADA;01. OPORTUNIDADES;02. SIMULACION ENVIADA;MOVIDO
OPORTUNIDAD;26RES060_OP25;ENVIADA;01. OPORTUNIDADES;02. SIMULACION ENVIADA;MOVIDO
OPORTUNIDAD;26RES060_OP27;ENVIADA;01. OPORTUNIDADES;02. SIMULACION ENVIADA;MOVIDO
OPORTUNIDAD;26RES060_OP29;ENVIADA;02. SIMULACION ENVIADA;02. SIMULACION ENVIADA;YA OK
OPORTUNIDAD;26RES_45;ENVIADA;01. OPORTUNIDADES;02. SIMULACION ENVIADA;MOVIDO
OPORTUNIDAD;26RES060_OP36;ENVIADA;02. SIMULACION ENVIADA;02. SIMULACION ENVIADA;YA OK
OPORTUNIDAD;26RES060_OP37;PTE ENVIAR;01. OPORTUNIDADES;01. OPORTUNIDADES;YA OK
OPORTUNIDAD;26RES060_OP38;ENVIADA;02. SIMULACION ENVIADA;02. SIMULACION ENVIADA;YA OK
OPORTUNIDAD;26RES060_OP39;PTE ENVIAR;01. OPORTUNIDADES;01. OPORTUNIDADES;YA OK
OPORTUNIDAD;26RES060_OP43;RECHAZADA;01. OPORTUNIDADES;12. RECHAZADOS;MOVIDO
OPORTUNIDAD;26RES_OP44;ENVIADA;02. SIMULACION ENVIADA;02. SIMULACION ENVIADA;YA OK
OPORTUNIDAD;26RES_OP48;PTE ENVIAR;01. OPORTUNIDADES;01. OPORTUNIDADES;YA OK
OPORTUNIDAD;26RES060_OP45;ENVIADA;;;SIN CARPETA
OPORTUNIDAD;26RES060_OP49;ENVIADA;02. SIMULACION ENVIADA;02. SIMULACION ENVIADA;YA OK
OPORTUNIDAD;26RES060_OP54;ENVIADA;;;SIN CARPETA
OPORTUNIDAD;26RES060_OP55;PTE ENVIAR;;;SIN CARPETA
OPORTUNIDAD;26RES080_OP1;ENVIADA;02. SIMULACION ENVIADA;02. SIMULACION ENVIADA;YA OK
OPORTUNIDAD;26RES060_OP59;ENVIADA;02. SIMULACION ENVIADA;02. SIMULACION ENVIADA;YA OK
OPORTUNIDAD;26RES060_OP60;PTE ENVIAR;01. OPORTUNIDADES;01. OPORTUNIDADES;YA OK
OPORTUNIDAD;26RES060_OP61;ENVIADA;02. SIMULACION ENVIADA;02. SIMULACION ENVIADA;YA OK
OPORTUNIDAD;26RES080_OP2;ENVIADA;02. SIMULACION ENVIADA;02. SIMULACION ENVIADA;YA OK
OPORTUNIDAD;26RES080_OP3;ENVIADA;02. SIMULACION ENVIADA;02. SIMULACION ENVIADA;YA OK
OPORTUNIDAD;26RES060_OP62;ENVIADA;02. SIMULACION ENVIADA;02. SIMULACION ENVIADA;YA OK
OPORTUNIDAD;26RES060_OP65;ENVIADA;02. SIMULACION ENVIADA;02. SIMULACION ENVIADA;YA OK
OPORTUNIDAD;26RES060_OP66;ENVIADA;02. SIMULACION ENVIADA;02. SIMULACION ENVIADA;YA OK
OPORTUNIDAD;26RES060_OP69;ENVIADA;;;SIN CARPETA
OPORTUNIDAD;26RES060_OP76;ENVIADA;02. SIMULACION ENVIADA;02. SIMULACION ENVIADA;YA OK
OPORTUNIDAD;26RES060_OP77;PTE ENVIAR;01. OPORTUNIDADES;01. OPORTUNIDADES;YA OK
OPORTUNIDAD;26RES080_OP7;PTE ENVIAR;01. OPORTUNIDADES;01. OPORTUNIDADES;YA OK
OPORTUNIDAD;26RES080_OP8;ENVIADA;02. SIMULACION ENVIADA;02. SIMULACION ENVIADA;YA OK
OPORTUNIDAD;26RES060_OP79;ENVIADA;02. SIMULACION ENVIADA;02. SIMULACION ENVIADA;YA OK
OPORTUNIDAD;26RES060_OP82;ENVIADA;02. SIMULACION ENVIADA;02. SIMULACION ENVIADA;YA OK
OPORTUNIDAD;26RES060_OP83;PTE ENVIAR;01. OPORTUNIDADES;01. OPORTUNIDADES;YA OK
OPORTUNIDAD;26RES060_OP84;PTE ENVIAR;01. OPORTUNIDADES;01. OPORTUNIDADES;YA OK
OPORTUNIDAD;26RES060_OP86;ENVIADA;02. SIMULACION ENVIADA;02. SIMULACION ENVIADA;YA OK
OPORTUNIDAD;26RES060_OP87;ENVIADA;02. SIMULACION ENVIADA;02. SIMULACION ENVIADA;YA OK
OPORTUNIDAD;26RES080_OP10;ENVIADA;01. OPORTUNIDADES;02. SIMULACION ENVIADA;MOVIDO
OPORTUNIDAD;26RES080_OP11;PTE ENVIAR;01. OPORTUNIDADES;01. OPORTUNIDADES;YA OK
OPORTUNIDAD;26RES060_OP93;PTE ENVIAR;01. OPORTUNIDADES;01. OPORTUNIDADES;YA OK
OPORTUNIDAD;26RES060_OP99;ENVIADA;02. SIMULACION ENVIADA;02. SIMULACION ENVIADA;YA OK
OPORTUNIDAD;26RES060_OP100;LEAD;01. OPORTUNIDADES;01. OPORTUNIDADES;YA OK
OPORTUNIDAD;26RES060_OP104;ENVIADA;02. SIMULACION ENVIADA;02. SIMULACION ENVIADA;YA OK
OPORTUNIDAD;26RES060_OP106;ENVIADA;02. SIMULACION ENVIADA;02. SIMULACION ENVIADA;YA OK
OPORTUNIDAD;26RES060_OP108;PTE ENVIAR;01. OPORTUNIDADES;01. OPORTUNIDADES;YA OK
OPORTUNIDAD;26RES080_OP17;PTE ENVIAR;01. OPORTUNIDADES;01. OPORTUNIDADES;YA OK
OPORTUNIDAD;26RES080_OP19;ENVIADA;02. SIMULACION ENVIADA;02. SIMULACION ENVIADA;YA OK
OPORTUNIDAD;26RES060_OP109;ENVIADA;02. SIMULACION ENVIADA;02. SIMULACION ENVIADA;YA OK
OPORTUNIDAD;26RES080_OP20;PTE ENVIAR;01. OPORTUNIDADES;01. OPORTUNIDADES;YA OK
OPORTUNIDAD;26RES060_OP111;PTE ENVIAR;01. OPORTUNIDADES;01. OPORTUNIDADES;YA OK
OPORTUNIDAD;26RES060_OP112;ENVIADA;02. SIMULACION ENVIADA;02. SIMULACION ENVIADA;YA OK
OPORTUNIDAD;26RES060_OP113;LEAD;01. OPORTUNIDADES;01. OPORTUNIDADES;YA OK
OPORTUNIDAD;26RES060_OP114;PTE ENVIAR;01. OPORTUNIDADES;01. OPORTUNIDADES;YA OK
OPORTUNIDAD;26RES060_OP115;ENVIADA;02. SIMULACION ENVIADA;02. SIMULACION ENVIADA;YA OK
OPORTUNIDAD;26RES080_OP22;ENVIADA;02. SIMULACION ENVIADA;02. SIMULACION ENVIADA;YA OK
OPORTUNIDAD;26RES060_OP117;LEAD;01. OPORTUNIDADES;01. OPORTUNIDADES;YA OK
OPORTUNIDAD;26RES060_OP118;ENVIADA;02. SIMULACION ENVIADA;02. SIMULACION ENVIADA;YA OK
OPORTUNIDAD;26RES080_OP24;RECHAZADA;02. SIMULACION ENVIADA;12. RECHAZADOS;MOVIDO
OPORTUNIDAD;26RES060_OP122;ENVIADA;02. SIMULACION ENVIADA;02. SIMULACION ENVIADA;YA OK
OPORTUNIDAD;26RES060_OP124;ENVIADA;01. OPORTUNIDADES;02. SIMULACION ENVIADA;MOVIDO
OPORTUNIDAD;26RES060_OP125;ENVIADA;01. OPORTUNIDADES;02. SIMULACION ENVIADA;MOVIDO
OPORTUNIDAD;26RES080_OP29;ENVIADA;01. OPORTUNIDADES;02. SIMULACION ENVIADA;MOVIDO
OPORTUNIDAD;26RES080_OP30;PTE ENVIAR;;;SIN CARPETA
OPORTUNIDAD;26RES060_OP128;ENVIADA;01. OPORTUNIDADES;02. SIMULACION ENVIADA;MOVIDO
OPORTUNIDAD;26RES060_OP130;ENVIADA;01. OPORTUNIDADES;02. SIMULACION ENVIADA;MOVIDO
OPORTUNIDAD;26RES060_OP132;ENVIADA;02. SIMULACION ENVIADA;02. SIMULACION ENVIADA;YA OK
OPORTUNIDAD;26RES060_OP133;ENVIADA;01. OPORTUNIDADES;02. SIMULACION ENVIADA;MOVIDO
OPORTUNIDAD;26RES080_OP31;PTE ENVIAR;01. OPORTUNIDADES;01. OPORTUNIDADES;YA OK
OPORTUNIDAD;26RES080_OP32;ENVIADA;01. OPORTUNIDADES;02. SIMULACION ENVIADA;MOVIDO
OPORTUNIDAD;26RES060_OP137;ENVIADA;02. SIMULACION ENVIADA;02. SIMULACION ENVIADA;YA OK
OPORTUNIDAD;26RES080_OP34;ENVIADA;01. OPORTUNIDADES;02. SIMULACION ENVIADA;MOVIDO
OPORTUNIDAD;26RES060_OP138;ENVIADA;01. OPORTUNIDADES;02. SIMULACION ENVIADA;MOVIDO
OPORTUNIDAD;26RES060_OP140;ENVIADA;02. SIMULACION ENVIADA;02. SIMULACION ENVIADA;YA OK
OPORTUNIDAD;26RES060_OP141;ENVIADA;01. OPORTUNIDADES;02. SIMULACION ENVIADA;MOVIDO
OPORTUNIDAD;26RES060_OP142;ENVIADA;01. OPORTUNIDADES;02. SIMULACION ENVIADA;MOVIDO
OPORTUNIDAD;26RES060_OP143;ENVIADA;02. SIMULACION ENVIADA;02. SIMULACION ENVIADA;YA OK
OPORTUNIDAD;26RES060_OP144;ENVIADA;01. OPORTUNIDADES;02. SIMULACION ENVIADA;MOVIDO
OPORTUNIDAD;26RES060_OP145;ENVIADA;01. OPORTUNIDADES;02. SIMULACION ENVIADA;MOVIDO
OPORTUNIDAD;26RES060_OP146;ENVIADA;01. OPORTUNIDADES;02. SIMULACION ENVIADA;MOVIDO
OPORTUNIDAD;26RES080_OP35;PTE ENVIAR;01. OPORTUNIDADES;01. OPORTUNIDADES;YA OK
OPORTUNIDAD;26RES060_OP147;PTE ENVIAR;01. OPORTUNIDADES;01. OPORTUNIDADES;YA OK
OPORTUNIDAD;26RES080_OP36;LEAD;01. OPORTUNIDADES;01. OPORTUNIDADES;YA OK
OPORTUNIDAD;26RES080_OP38;ENVIADA;02. SIMULACION ENVIADA;02. SIMULACION ENVIADA;YA OK
OPORTUNIDAD;26RES060_OP149;ENVIADA;02. SIMULACION ENVIADA;02. SIMULACION ENVIADA;YA OK
OPORTUNIDAD;26RES060_OP150;ENVIADA;02. SIMULACION ENVIADA;02. SIMULACION ENVIADA;YA OK
OPORTUNIDAD;26RES060_OP151;LEAD;01. OPORTUNIDADES;01. OPORTUNIDADES;YA OK